{
    "Diethyl_Carbonate": {
        "HOMO (eV)": -11.7093,
        "LUMO (eV)": -6.6151,
        "HOMO-LUMO Gap (eV)": 5.094200000000001,
        "Total Energy (Eh)": -28.036303952873,
        "Dipole Moment (D)": 0.836
    },
    "Butan-2-one_(MEK)": {
        "HOMO (eV)": -10.7098,
        "LUMO (eV)": -6.8083,
        "HOMO-LUMO Gap (eV)": 3.9015,
        "Total Energy (Eh)": -16.696230572688,
        "Dipole Moment (D)": 3.418
    },
    "Malononitrile": {
        "HOMO (eV)": -12.2782,
        "LUMO (eV)": -6.9759,
        "HOMO-LUMO Gap (eV)": 5.3023,
        "Total Energy (Eh)": -13.194717725279,
        "Dipole Moment (D)": 4.019
    },
    "2-Picoline": {
        "HOMO (eV)": -9.783,
        "LUMO (eV)": -6.7532,
        "HOMO-LUMO Gap (eV)": 3.0298,
        "Total Energy (Eh)": -19.322977825458,
        "Dipole Moment (D)": 1.772
    },
    "Carbon_Dioxide": {
        "HOMO (eV)": -14.4854,
        "LUMO (eV)": -7.9651,
        "HOMO-LUMO Gap (eV)": 6.520300000000001,
        "Total Energy (Eh)": -10.308452288064,
        "Dipole Moment (D)": 0.0
    },
    "Oxime": {
        "HOMO (eV)": -10.4432,
        "LUMO (eV)": -6.7401,
        "HOMO-LUMO Gap (eV)": 3.703099999999999,
        "Total Energy (Eh)": -10.576933766255,
        "Dipole Moment (D)": 0.315
    },
    "Thiourea": {
        "HOMO (eV)": -9.2513,
        "LUMO (eV)": -6.6323,
        "HOMO-LUMO Gap (eV)": 2.6190000000000007,
        "Total Energy (Eh)": -13.261443971455,
        "Dipole Moment (D)": 6.357
    },
    "Nitrate_Ion": {
        "HOMO (eV)": -14.5415,
        "LUMO (eV)": -11.0892,
        "HOMO-LUMO Gap (eV)": 3.4522999999999997,
        "Total Energy (Eh)": -14.89176863268,
        "Dipole Moment (D)": 0.001
    },
    "Methyl_Acetate": {
        "HOMO (eV)": -11.3609,
        "LUMO (eV)": -6.876,
        "HOMO-LUMO Gap (eV)": 4.4849000000000006,
        "Total Energy (Eh)": -17.619800272469,
        "Dipole Moment (D)": 2.169
    },
    "1,4-Dioxane": {
        "HOMO (eV)": -10.6851,
        "LUMO (eV)": -0.0412,
        "HOMO-LUMO Gap (eV)": 10.6439,
        "Total Energy (Eh)": -20.760154210601,
        "Dipole Moment (D)": 0.0
    },
    "Gamma-Butyrolactone_(GBL)": {
        "HOMO (eV)": -11.3901,
        "LUMO (eV)": -6.9024,
        "HOMO-LUMO Gap (eV)": 4.4877,
        "Total Energy (Eh)": -19.769494282729,
        "Dipole Moment (D)": 4.958
    },
    "Aniline": {
        "HOMO (eV)": -9.5315,
        "LUMO (eV)": -5.8115,
        "HOMO-LUMO Gap (eV)": 3.72,
        "Total Energy (Eh)": -19.31578304995,
        "Dipole Moment (D)": 2.177
    },
    "Pyrazine": {
        "HOMO (eV)": -9.8437,
        "LUMO (eV)": -7.8746,
        "HOMO-LUMO Gap (eV)": 1.9691,
        "Total Energy (Eh)": -16.414784718309,
        "Dipole Moment (D)": 0.0
    },
    "Anisole": {
        "HOMO (eV)": -10.2671,
        "LUMO (eV)": -6.1338,
        "HOMO-LUMO Gap (eV)": 4.133299999999999,
        "Total Energy (Eh)": -23.11319502124,
        "Dipole Moment (D)": 1.415
    },
    "Diethylamine": {
        "HOMO (eV)": -9.519,
        "LUMO (eV)": 0.6419,
        "HOMO-LUMO Gap (eV)": 10.1609,
        "Total Energy (Eh)": -17.086012930158,
        "Dipole Moment (D)": 1.086
    },
    "Propan-1-ol": {
        "HOMO (eV)": -11.0885,
        "LUMO (eV)": 1.2043,
        "HOMO-LUMO Gap (eV)": 12.2928,
        "Total Energy (Eh)": -14.558409319621,
        "Dipole Moment (D)": 1.908
    },
    "Acetophenone": {
        "HOMO (eV)": -10.687,
        "LUMO (eV)": -7.8386,
        "HOMO-LUMO Gap (eV)": 2.8484,
        "Total Energy (Eh)": -25.246924807153,
        "Dipole Moment (D)": 3.464
    },
    "Trioxane": {
        "HOMO (eV)": -11.012,
        "LUMO (eV)": 0.4527,
        "HOMO-LUMO Gap (eV)": 11.4647,
        "Total Energy (Eh)": -17.60479013413,
        "Dipole Moment (D)": 1.776
    },
    "Ethyl_Acetate": {
        "HOMO (eV)": -11.2841,
        "LUMO (eV)": -6.8293,
        "HOMO-LUMO Gap (eV)": 4.4548000000000005,
        "Total Energy (Eh)": -20.787813784929,
        "Dipole Moment (D)": 2.153
    },
    "Tripropylamine": {
        "HOMO (eV)": -9.3189,
        "LUMO (eV)": -0.0936,
        "HOMO-LUMO Gap (eV)": 9.2253,
        "Total Energy (Eh)": -32.908714827615,
        "Dipole Moment (D)": 0.582
    },
    "Pyruvic_Acid": {
        "HOMO (eV)": -11.5875,
        "LUMO (eV)": -9.3742,
        "HOMO-LUMO Gap (eV)": 2.2133000000000003,
        "Total Energy (Eh)": -20.639285954276,
        "Dipole Moment (D)": 1.422
    },
    "Diethyl_Ether": {
        "HOMO (eV)": -10.6886,
        "LUMO (eV)": 0.9398,
        "HOMO-LUMO Gap (eV)": 11.6284,
        "Total Energy (Eh)": -17.720110598233,
        "Dipole Moment (D)": 1.616
    },
    "Formaldehyde": {
        "HOMO (eV)": -11.5788,
        "LUMO (eV)": -8.1335,
        "HOMO-LUMO Gap (eV)": 3.4453,
        "Total Energy (Eh)": -7.175648081314,
        "Dipole Moment (D)": 2.335
    },
    "Tetrahydrofuran_(THF)": {
        "HOMO (eV)": -10.537,
        "LUMO (eV)": 0.8637,
        "HOMO-LUMO Gap (eV)": 11.4007,
        "Total Energy (Eh)": -16.706905778572,
        "Dipole Moment (D)": 2.023
    },
    "Benzophenone": {
        "HOMO (eV)": -10.5703,
        "LUMO (eV)": -7.9496,
        "HOMO-LUMO Gap (eV)": 2.6207,
        "Total Energy (Eh)": -36.960667004889,
        "Dipole Moment (D)": 3.43
    },
    "Methylamine": {
        "HOMO (eV)": -10.0434,
        "LUMO (eV)": 0.9284,
        "HOMO-LUMO Gap (eV)": 10.9718,
        "Total Energy (Eh)": -7.587182824739,
        "Dipole Moment (D)": 1.456
    },
    "Hexamethylphosphoramide_(HMPA)": {
        "HOMO (eV)": -10.075,
        "LUMO (eV)": -4.2891,
        "HOMO-LUMO Gap (eV)": 5.785899999999999,
        "Total Energy (Eh)": -37.485303847051,
        "Dipole Moment (D)": 3.91
    },
    "Ethylene_Carbonate": {
        "HOMO (eV)": -12.2618,
        "LUMO (eV)": -6.9571,
        "HOMO-LUMO Gap (eV)": 5.3047,
        "Total Energy (Eh)": -20.686420189199,
        "Dipole Moment (D)": 5.787
    },
    "Benzaldehyde": {
        "HOMO (eV)": -10.9489,
        "LUMO (eV)": -8.2008,
        "HOMO-LUMO Gap (eV)": 2.748100000000001,
        "Total Energy (Eh)": -22.07175350198,
        "Dipole Moment (D)": 3.63
    },
    "Urea": {
        "HOMO (eV)": -10.7567,
        "LUMO (eV)": -5.4081,
        "HOMO-LUMO Gap (eV)": 5.3486,
        "Total Energy (Eh)": -14.097128378093,
        "Dipole Moment (D)": 4.845
    },
    "Furan": {
        "HOMO (eV)": -10.5183,
        "LUMO (eV)": -5.6007,
        "HOMO-LUMO Gap (eV)": 4.9176,
        "Total Energy (Eh)": -14.645030887702,
        "Dipole Moment (D)": 0.389
    },
    "N,N-Dimethylformamide_(DMF)": {
        "HOMO (eV)": -10.5248,
        "LUMO (eV)": -6.4279,
        "HOMO-LUMO Gap (eV)": 4.096900000000001,
        "Total Energy (Eh)": -16.978822576103,
        "Dipole Moment (D)": 4.652
    },
    "Trimethylamine": {
        "HOMO (eV)": -9.5583,
        "LUMO (eV)": 0.6859,
        "HOMO-LUMO Gap (eV)": 10.2442,
        "Total Energy (Eh)": -13.924694756518,
        "Dipole Moment (D)": 0.929
    },
    "18-Crown-6": {
        "HOMO (eV)": -10.2066,
        "LUMO (eV)": 0.0433,
        "HOMO-LUMO Gap (eV)": 10.2499,
        "Total Energy (Eh)": -62.294246805721,
        "Dipole Moment (D)": 4.588
    },
    "Isoquinoline": {
        "HOMO (eV)": -9.817,
        "LUMO (eV)": -7.66,
        "HOMO-LUMO Gap (eV)": 2.157,
        "Total Energy (Eh)": -25.74515758739,
        "Dipole Moment (D)": 2.486
    },
    "Valerolactone": {
        "HOMO (eV)": -11.3901,
        "LUMO (eV)": -6.9024,
        "HOMO-LUMO Gap (eV)": 4.4877,
        "Total Energy (Eh)": -19.769494508234,
        "Dipole Moment (D)": 4.958
    },
    "Acetaldehyde": {
        "HOMO (eV)": -11.166,
        "LUMO (eV)": -7.3876,
        "HOMO-LUMO Gap (eV)": 3.7784,
        "Total Energy (Eh)": -10.356706193894,
        "Dipole Moment (D)": 3.1
    },
    "Pyrimidine": {
        "HOMO (eV)": -9.966,
        "LUMO (eV)": -7.635,