{
    "Ascorbic_Acid": {
        "HOMO (eV)": -10.6424,
        "LUMO (eV)": -7.6021,
        "HOMO-LUMO Gap (eV)": 3.0403,
        "Total Energy (Eh)": -41.298261714657,
        "Dipole Moment (D)": 7.753
    },
    "Alanine": {
        "HOMO (eV)": -10.3697,
        "LUMO (eV)": -7.1256,
        "HOMO-LUMO Gap (eV)": 3.2440999999999995,
        "Total Energy (Eh)": -21.042878098974,
        "Dipole Moment (D)": 2.211
    },
    "Pyrrolidone": {
        "HOMO (eV)": -10.6335,
        "LUMO (eV)": -6.0284,
        "HOMO-LUMO Gap (eV)": 4.605099999999999,
        "Total Energy (Eh)": -19.141125368293,
        "Dipole Moment (D)": 4.52
    },
    "Imidazole": {
        "HOMO (eV)": -10.1901,
        "LUMO (eV)": -5.5761,
        "HOMO-LUMO Gap (eV)": 4.613999999999999,
        "Total Energy (Eh)": -14.297664816926,
        "Dipole Moment (D)": 3.867
    },
    "Pyrrole": {
        "HOMO (eV)": -9.7716,
        "LUMO (eV)": -4.8191,
        "HOMO-LUMO Gap (eV)": 4.9525,
        "Total Energy (Eh)": -14.017147811268,
        "Dipole Moment (D)": 2.099
    },
    "Aniline": {
        "HOMO (eV)": -9.5315,
        "LUMO (eV)": -5.8115,
        "HOMO-LUMO Gap (eV)": 3.72,
        "Total Energy (Eh)": -19.315783049829,
        "Dipole Moment (D)": 2.177
    },
    "Lactic_Acid": {
        "HOMO (eV)": -11.3085,
        "LUMO (eV)": -7.3071,
        "HOMO-LUMO Gap (eV)": 4.0014,
        "Total Energy (Eh)": -21.684466565272,
        "Dipole Moment (D)": 2.717
    },
    "Cyclohexanol": {
        "HOMO (eV)": -10.8457,
        "LUMO (eV)": 1.196,
        "HOMO-LUMO Gap (eV)": 12.0417,
        "Total Energy (Eh)": -23.048310972989,
        "Dipole Moment (D)": 2.106
    },
    "Pyrrolidine": {
        "HOMO (eV)": -9.6277,
        "LUMO (eV)": 0.7473,
        "HOMO-LUMO Gap (eV)": 10.375,
        "Total Energy (Eh)": -16.071776772638,
        "Dipole Moment (D)": 1.377
    },
    "Trifluoroethanol": {
        "HOMO (eV)": -12.636,
        "LUMO (eV)": -1.4653,
        "HOMO-LUMO Gap (eV)": 11.1707,
        "Total Energy (Eh)": -24.072306414202,
        "Dipole Moment (D)": 2.223
    },
    "Propan-1-ol": {
        "HOMO (eV)": -11.1038,
        "LUMO (eV)": 1.1526,
        "HOMO-LUMO Gap (eV)": 12.2564,
        "Total Energy (Eh)": -14.558591272613,
        "Dipole Moment (D)": 2.016
    },
    "Glucose": {
        "HOMO (eV)": -10.4842,
        "LUMO (eV)": -1.1399,
        "HOMO-LUMO Gap (eV)": 9.3443,
        "Total Energy (Eh)": -43.35974375547,
        "Dipole Moment (D)": 4.868
    },
    "Uracil": {
        "HOMO (eV)": -11.1193,
        "LUMO (eV)": -8.0508,
        "HOMO-LUMO Gap (eV)": 3.0685,
        "Total Energy (Eh)": -24.614946967891,
        "Dipole Moment (D)": 4.617
    },
    "Butan-2-ol": {
        "HOMO (eV)": -10.9441,
        "LUMO (eV)": 0.9249,
        "HOMO-LUMO Gap (eV)": 11.869,
        "Total Energy (Eh)": -17.725093001551,
        "Dipole Moment (D)": 1.844
    },
    "Ethylene_Glycol": {
        "HOMO (eV)": -11.3392,
        "LUMO (eV)": 0.3074,
        "HOMO-LUMO Gap (eV)": 11.6466,
        "Total Energy (Eh)": -15.448803997842,
        "Dipole Moment (D)": 2.733
    },
    "Piperidine": {
        "HOMO (eV)": -9.7233,
        "LUMO (eV)": 0.5289,
        "HOMO-LUMO Gap (eV)": 10.2522,
        "Total Energy (Eh)": -22.396339434281,
        "Dipole Moment (D)": 0.971
    },
    "Citric_Acid": {
        "HOMO (eV)": -11.5702,
        "LUMO (eV)": -7.7731,
        "HOMO-LUMO Gap (eV)": 3.7971,
        "Total Energy (Eh)": -45.421210170362,
        "Dipole Moment (D)": 2.367
    },
    "Butylamine": {
        "HOMO (eV)": -9.9795,
        "LUMO (eV)": 0.6516,
        "HOMO-LUMO Gap (eV)": 10.6311,
        "Total Energy (Eh)": -17.081608481136,
        "Dipole Moment (D)": 1.326
    },
    "Glutamic_Acid": {
        "HOMO (eV)": -10.6776,
        "LUMO (eV)": -7.3563,
        "HOMO-LUMO Gap (eV)": 3.3213,
        "Total Energy (Eh)": -34.498255309718,
        "Dipole Moment (D)": 0.446
    },
    "Hydrogen_Fluoride": {
        "HOMO (eV)": -13.2814,
        "LUMO (eV)": 0.5544,
        "HOMO-LUMO Gap (eV)": 13.8358,
        "Total Energy (Eh)": -5.222873960321,
        "Dipole Moment (D)": 2.534
    },
    "Indole": {
        "HOMO (eV)": -9.7263,
        "LUMO (eV)": -6.2786,
        "HOMO-LUMO Gap (eV)": 3.4477,
        "Total Energy (Eh)": -23.617247801754,
        "Dipole Moment (D)": 2.223
    },
    "Hydroquinone": {
        "HOMO (eV)": -10.0254,
        "LUMO (eV)": -6.2425,
        "HOMO-LUMO Gap (eV)": 3.7829,
        "Total Energy (Eh)": -24.026784476103,
        "Dipole Moment (D)": 0.0
    },
    "Benzyl_Alcohol": {
        "HOMO (eV)": -10.8133,
        "LUMO (eV)": -6.171,
        "HOMO-LUMO Gap (eV)": 4.6423,
        "Total Energy (Eh)": -23.102728192175,
        "Dipole Moment (D)": 1.775
    },
    "Aspartic_Acid": {
        "HOMO (eV)": -10.6893,
        "LUMO (eV)": -7.6173,
        "HOMO-LUMO Gap (eV)": 3.071999999999999,
        "Total Energy (Eh)": -31.329481485216,
        "Dipole Moment (D)": 2.1
    },
    "Methylamine": {
        "HOMO (eV)": -10.0434,
        "LUMO (eV)": 0.9284,
        "HOMO-LUMO Gap (eV)": 10.9718,
        "Total Energy (Eh)": -7.587182824731,
        "Dipole Moment (D)": 1.456
    },
    "Serine": {
        "HOMO (eV)": -10.4352,
        "LUMO (eV)": -7.1132,
        "HOMO-LUMO Gap (eV)": 3.322,
        "Total Energy (Eh)": -25.099230364224,
        "Dipole Moment (D)": 2.995
    },
    "Fructose": {
        "HOMO (eV)": -10.7743,
        "LUMO (eV)": -7.814,
        "HOMO-LUMO Gap (eV)": 2.9603,
        "Total Energy (Eh)": -43.331711898708,
        "Dipole Moment (D)": 5.58
    },
    "N-Methylacetamide": {
        "HOMO (eV)": -10.6161,
        "LUMO (eV)": -6.0904,
        "HOMO-LUMO Gap (eV)": 4.5257,
        "Total Energy (Eh)": -16.984553107118,
        "Dipole Moment (D)": 4.389
    },
    "Guanine": {
        "HOMO (eV)": -9.8213,
        "LUMO (eV)": -7.0361,
        "HOMO-LUMO Gap (eV)": 2.785200000000001,
        "Total Energy (Eh)": -31.975836959098,
        "Dipole Moment (D)": 5.483
    },
    "Hydrazine": {
        "HOMO (eV)": -9.9752,
        "LUMO (eV)": 0.3201,
        "HOMO-LUMO Gap (eV)": 10.2953,
        "Total Energy (Eh)": -7.817403196162,
        "Dipole Moment (D)": 2.262
    },
    "Butan-1-ol": {
        "HOMO (eV)": -10.9491,
        "LUMO (eV)": 1.1255,
        "HOMO-LUMO Gap (eV)": 12.0746,
        "Total Energy (Eh)": -17.718822225736,
        "Dipole Moment (D)": 1.686
    },
    "Urea": {
        "HOMO (eV)": -10.7567,
        "LUMO (eV)": -5.4081,
        "HOMO-LUMO Gap (eV)": 5.3486,
        "Total Energy (Eh)": -14.097128378055,
        "Dipole Moment (D)": 4.845
    },
    "Glycerol": {
        "HOMO (eV)": -10.889,
        "LUMO (eV)": 0.1991,
        "HOMO-LUMO Gap (eV)": 11.0881,
        "Total Energy (Eh)": -22.679780146194,
        "Dipole Moment (D)": 2.816
    },
    "Thymine": {
        "HOMO (eV)": -11.0209,
        "LUMO (eV)": -7.8232,
        "HOMO-LUMO Gap (eV)": 3.1976999999999998,
        "Total Energy (Eh)": -27.785956411572,
        "Dipole Moment (D)": 4.646
    },
    "Catechol": {
        "HOMO (eV)": -10.068,
        "LUMO (eV)": -6.0892,
        "HOMO-LUMO Gap (eV)": 3.9788,
        "Total Energy (Eh)": -24.021786340856,
        "Dipole Moment (D)": 1.461
    },
    "Diethanolamine": {
        "HOMO (eV)": -9.5117,
        "LUMO (eV)": 0.298,
        "HOMO-LUMO Gap (eV)": 9.8097,
        "Total Energy (Eh)": -25.199565826333,
        "Dipole Moment (D)": 3.032
    },
    "Tryptophan": {
        "HOMO (eV)": -9.7441,
        "LUMO (eV)": -7.0063,
        "HOMO-LUMO Gap (eV)": 2.737799999999999,
        "Total Energy (Eh)": -43.662340033005,
        "Dipole Moment (D)": 3.881
    },
    "N-Methylformamide": {
        "HOMO (eV)": -10.9304,
        "LUMO (eV)": -6.5314,
        "HOMO-LUMO Gap (eV)": 4.399000000000001,
        "Total Energy (Eh)": -13.809880895811,
        "Dipole Moment (D)": 4.403
    },